isbn,title,authors
978-705-36748-6-3,The Guide to Java Development,Bob Gonzalez
978-067-72728-3-5,Fundamentals of Database Systems,Jane Martinez
978-560-16498-8-9,Advanced Clean Code,Laura Hernandez
978-662-35551-0-5,The Guide to Algorithms,"Fiona Garcia, Michael Johnson"
978-935-76837-7-3,The Guide to Web Development,George Davis
978-006-65227-0-5,Introduction to Java Development,"Jane Rodriguez, Julia Brown"
978-196-17973-2-7,The Art of Software Architecture,"Fiona Johnson, Charlie Davis"
978-810-75950-9-4,Secrets of Clean Code,"David Davis, Julia Lopez"
978-988-67153-5-3,The Art of Software Architecture,"Ian Brown, David Gonzalez"
978-429-51581-5-5,Designing Artificial Intelligence,"Fiona Johnson, Emma Johnson"
978-125-39144-8-9,Mastering Clean Code,"Charlie Davis, Hannah Smith"
978-009-55079-0-8,Secrets of Deep Learning,"Kevin Johnson, Ian Johnson, John Anderson"
978-102-71251-7-3,Fundamentals of Cloud Computing,Michael Garcia
978-113-53524-5-7,Introduction to Python Programming,Alice Lopez
978-575-82390-1-2,Principles of DevOps,Kevin Jones
978-200-00835-6-4,Designing DevOps,Emma Anderson
978-937-85523-8-3,The Guide to Algorithms,"Bob Anderson, David Gonzalez, Emma Lopez"
978-757-08507-8-5,Fundamentals of Database Systems,"John Lopez, Hannah Smith, Kevin Hernandez"
978-647-92399-7-0,Advanced DevOps,George Anderson
978-023-13106-2-3,Secrets of Microservices,Fiona Martinez
978-604-33266-3-4,Secrets of DevOps,Laura Lopez
978-781-98247-5-8,Secrets of Cybersecurity,"Alice Jones, Michael Davis"
978-089-46427-0-1,Fundamentals of Python Programming,Fiona Wilson
978-988-35353-8-5,Principles of Artificial Intelligence,"David Brown, Emma Williams, Michael Williams"
978-676-85448-6-4,Principles of Java Development,Emma Jones
978-082-38830-6-4,Principles of Microservices,"Laura Smith, Kevin Miller"
978-198-66175-2-9,Advanced Algorithms,"Fiona Gonzalez, Alice Brown"
978-398-43851-8-7,Advanced Python Programming,Fiona Anderson
978-846-21043-8-2,Understanding Artificial Intelligence,Julia Gonzalez
978-154-74275-8-7,Principles of Data Structures,Alice Brown
978-455-73537-1-3,Fundamentals of Software Architecture,"Jane Smith, Ian Gonzalez, David Brown"
978-831-66542-5-2,Mastering Artificial Intelligence,"George Miller, Charlie Williams"
978-577-17876-6-7,Fundamentals of Artificial Intelligence,"Jane Smith, Julia Wilson"
978-477-26785-0-0,Fundamentals of Database Systems,"Laura Garcia, Charlie Garcia"
978-634-92568-5-7,Secrets of DevOps,"Julia Martinez, Fiona Gonzalez"
978-349-72438-9-9,Mastering Java Development,"John Johnson, John Wilson"
978-470-21047-9-7,Advanced Clean Code,"Bob Smith, Kevin Miller"
978-748-87869-3-9,The Art of Deep Learning,"Jane Williams, Bob Williams, Fiona Gonzalez"
978-125-84788-5-1,Advanced Deep Learning,Emma Jones
978-792-29500-9-7,Introduction to Python Programming,George Davis
978-314-38270-3-5,Principles of Artificial Intelligence,"Ian Johnson, George Martinez"
978-628-95127-7-0,The Guide to Software Architecture,Kevin Lopez
978-820-62796-5-8,Designing Software Architecture,George Davis
978-778-96042-4-7,Fundamentals of Web Development,Michael Rodriguez
978-989-59383-4-2,Advanced Cloud Computing,"David Smith, Bob Davis, Emma Rodriguez"
978-093-89334-7-8,The Guide to Machine Learning,"George Martinez, Hannah Jones"
978-050-57967-0-5,The Art of Clean Code,"Bob Garcia, Charlie Gonzalez"
978-516-84793-8-5,Advanced Algorithms,"Emma Gonzalez, Jane Brown, Kevin Jones"
978-602-99015-0-9,Mastering Machine Learning,Bob Jones
978-793-27426-9-7,Fundamentals of Python Programming,"George Garcia, Alice Davis"